Supplementary Material Table 1: Products and ingredients used for calculation of the percent of animal-derived energy (Table 5). The ‘Nth Ingredient Equivalents’ are the Table 3 ingredients with known nutritional content that were equated with the ingredients as listed.,,,,,,,,,,,,
PREMIUM DOG FOODS,,,,,,,,,,,,
Brand,Product,1st Ingredient,2nd Ingredient,3rd Ingredient,4th Ingredient,5th Ingredient,,1st Ingredient Equivalent,2nd Ingredient Equivalent,3rd Ingredient Equivalent,4th Ingredient Equivalent,5th Ingredient Equivalent
ACANA,ACANA Wild Prairie Regional Formula Grain-Free Dry Dog Food,debonedchicken,chickenmeal,greenpeas,turkeymeal,chickenliveroil,,poultry,poultryandbonemeal,pea,dry poultry,meat fat
ACANA,ACANA Pacifica Regional Formula Grain-Free Dry Dog Food,bonelesssalmon,salmonmeal,herringmeal,whitefishmeal,greenpeas,,fish,dry fish,dry fish,dry fish,pea
ACANA,ACANA Ranchlands Regional Formula Grain-Free Dry Dog Food,debonedbeef,beefmeal,greenpeas,debonedlamb,lambmeal,,beef,dry beef,pea,lamb,dry lamb
ACANA,ACANA Grasslands Regional Formula Grain-Free Dry Dog Food,debonedlamb,lambmeal,duckmeal,whiteﬁshmeal,wholepeas,,lamb,dry lamb,dry poultry,dry fish,pea
ACANA,ACANA Chicken & Burbank Potato Formula Dry Dog Food,chickenmeal,debonedchicken,wholepotato,steel-cutoats,peas,,poultryandbonemeal,poultry,tuber,grain,pea
ACANA,ACANA Duck & Bartlett Pear Singles Formula Dry Dog Food,duckmeal,debonedduck,greenlentils,redlentils,duckliver,,dry poultry,poultry,pea,pea,poultry
ACANA,ACANA Lamb & Okanagan Apple Singles Formula Dry Dog Food,lambmeal,debonedlamb,greenlentils,redlentils,lambliver,,dry lamb,lamb,pea,pea,lamb
ACANA,ACANA Pork & Butternut Squash Singles Formula Dry Dog Food,debonedpork,porkmeal,greenlentils,redlentils,porkliver,,pork,dry pork,pea,pea,pork
Addiction,Addiction Grain-Free Viva La Venison Dry Dog Food,venisonmeal,driedpotatoes,chickenfat(freefromchickenproteinandnaturallypreservedwithmixedtocopherols-asourceofvitamine),naturalflavors,driedegg,,dry beef,tuber,meat fat,null,dry egg
Addiction,Addiction New Zealand Brushtail & Vegetables Entree Canned Dog Food,brushtail,venison,carrots,potatoes,peas,,poultry,beef,other veg,tuber,pea
Addiction,Addiction Grain-Free Salmon Bleu Dry Dog Food,salmonmeal,driedpotatoes,driedtapioca,chickenfat(preservedwithmixedtocopherols),peas,,dry fish,tuber,grain,meat fat,pea
Addiction,Addiction New Zealand Venison & Apples Entree Canned Dog Food,venison,apples,carrots,potatoes,peas,,beef,other veg,other veg,tuber,pea
Addiction,Addiction Unagi & Seaweed Entree Canned Dog Food,eel,venison,potatoes,carrots,peas,,fish,beef,tuber,other veg,pea
Annamaet,Annamaet Grain-Free Lean Low Fat Formula Dry Dog Food,chickenmeal,fieldpeas,chickpeas,potato,tapioca,,poultryandbonemeal,pea,pea,tuber,grain
Annamaet,Annamaet Grain-Free Salcha Poulet Formula Dry Dog Food,chickenmeal,lentils,duckmeal,fieldpeas,turkeymeal,,poultryandbonemeal,pea,dry poultry,pea,dry poultry
Annamaet,Annamaet Grain-Free Aqualuk Cold Water Formula Dry Dog Food,salmonmeal,fieldpeas,herringmeal,chickpeas,potato,,dry fish,pea,dry fish,pea,tuber
Annamaet,Annamaet Grain-Free Manitok Red Meat Formula Dry Dog Food,lambmeal,potato,buffalomeal,fieldpeas,tapioca,,dry lamb,tuber,dry beef,pea,grain
Annamaet,Annamaet Option 24% Dry Dog Food,salmonmeal,brownrice,millet,venisonmeal,rolledoats,,dry fish,grain,grain,dry beef,grain
AvoDerm,AvoDerm Natural Chicken Meal & Brown Rice Formula Large Breed Adult Dry Dog Food,chickenmeal,groundwholebrownrice,groundwholewhiterice,oatmeal,salmonmeal,,poultryandbonemeal,grain,grain,grain,dry fish
AvoDerm,AvoDerm Natural Turkey & Vegetable Stew Recipe Canned Dog Food,turkeybroth,turkey,turkeyliver,potatoes,carrots,,poultry,poultry,poultry,tuber,other veg
AvoDerm,AvoDerm Natural Original Formula Canned Dog Food,lamb,chickenbroth,chicken,chickenliver,oceanfish,,lamb,poultry,poultry,poultry,fish
AvoDerm,AvoDerm Natural Chicken & Rice Formula Canned Dog Food,chicken,chickenbroth,chickenliver,oceanfish,rice,,poultry,poultry,poultry,fish,grain
Back to Basics,Back to Basics Pork Formula Dry Dog Food,porkliver,porkmeal,porkprotein,tapioca,porkfat(naturallypreservedwithmixedtocopherols),,pork,dry pork,meat protein,grain,meat fat
Back to Basics,Back to Basics Turkey Formula Dry Dog Food,turkeygiblets(turkeyliversandturkeyhearts),turkeymeal,turkey,chickenmeal,tapioca,,poultry,dry poultry,poultry,poultryandbonemeal,grain
Back to Basics,Back to Basics Open Range Formula Dry Dog Food,beefliver,venisonmeal,porkmeal,porkprotein,porkfat(naturallypreserved),,beef,dry beef,dry pork,meat protein,meat fat
Back to Basics,Back to Basics Giblets & Duck Entree in Gravy Wet Food for Dogs,duckbroth,giblets,duck,driedeggwhite,potatostarch,,poultry,poultry,poultry,dry egg,tuber
Back to Basics,Back to Basics Liver & Pork Entree in Gravy Wet Food for Dogs,porkbroth,liver,driedeggwhite,potatostarch,peaprotein,,pork,beef,dry egg,tuber,pea
Back to Basics,Back to Basics Giblets & Turkey Entree in Gravy Wet Food for Dogs,turkeybroth,giblets,turkey,driedeggwhite,potatostarch,,poultry,poultry,poultry,dry egg,tuber
Eagle Pack,Eagle Pack Large & Giant Breed Adult Dry Dog Food,chickenmeal,porkmeal,groundbrownrice,oatmeal,rice,,poultryandbonemeal,dry pork,grain,grain,grain
Eagle Pack,Eagle Pack Small Breed Chicken Meal & Pork Meal Formula Dry Dog Food,chickenmeal,porkmeal,oatmeal,dehulledbarley,groundbrownrice,,poultryandbonemeal,dry pork,grain,grain,grain
Eagle Pack,Eagle Pack Reduced Fat Adult Dry Dog Food,porkmeal,dehulledbarley,peas,groundbrownrice,oatmeal,,dry pork,grain,pea,grain,grain
Eagle Pack,Eagle Pack Lamb Formula Canned Dog Food,lamb,chickenbroth,lambliver,brownrice,carrots,,lamb,poultry,lamb,grain,other veg
Eagle Pack,Eagle Pack Beef Formula Canned Dog Food,beef,beefbroth,chicken,beefliver,brownrice,,beef,beef,poultry,beef,grain
Eagle Pack,Eagle Pack Chicken Formula Canned Dog Food,chicken,chickenbroth,chickenliver,brownrice,driedeggproduct,,poultry,poultry,poultry,grain,dry egg
Eagle Pack,Eagle Pack Power Adult Dry Dog Food,chickenmeal,porkmeal,groundbrownrice,peas,chickenfat(preservedwithmixedtocopherols),,poultryandbonemeal,dry pork,grain,pea,meat fat
Eagle Pack,Eagle Pack Original Chicken Meal & Pork Meal Formula Dry Dog Food,chickenmeal,porkmeal,groundbrownrice,dehulledbarley,oatmeal,,poultryandbonemeal,dry pork,grain,grain,grain
Eagle Pack,Eagle Pack Turkey Formula Canned Dog Food,turkey,chickenbroth,chicken,chickenliver,brownrice,,poultry,poultry,poultry,poultry,grain
Earthborn Holistic,Earthborn Holistic Primitive Natural Grain-Free Natural Dry Dog Food,turkeymeal,chickenmeal,potatoes,chickenfat(preservedwithmixedtocopherols),whitefishmeal,,dry poultry,poultryandbonemeal,tuber,meat fat,dry fish
Earthborn Holistic,Earthborn Holistic Great Plains Feast Grain-Free Natural Dry Dog Food,bisonmeal,peas,peaprotein,tapioca,driedeggproduct,,beef,pea,pea,grain,dry egg
Earthborn Holistic,Earthborn Holistic Coastal Catch Grain-Free Natural Dry Dog Food,herringmeal,potatoes,peas,canolaoil(preservedwithmixedtocopherols),peaprotein,,dry fish,tuber,pea,veg fat,pea
Earthborn Holistic,Earthborn Holistic Meadow Feast Grain-Free Natural Dry Dog Food,lambmeal,peas,tapioca,canolaoil(preservedwithmixedtocopherols),peaprotein,,dry lamb,pea,grain,veg fat,pea
Earthborn Holistic,Earthborn Holistic Grain-Free Weight Control Dry Dog Food,chickenmeal,peas,tapioca,peafiber,tomatopomace,,poultryandbonemeal,pea,grain,pea,other veg
Earthborn Holistic,Earthborn Holistic Chip’s Chicken Casserole Grain-Free Natural Moist Dog Food,chickenbroth,chicken,driedeggproduct,peaprotein,tapioca,,poultry,poultry,dry egg,pea,grain
Earthborn Holistic,Earthborn Holistic Pepper’s Pot Roast Grain-Free Natural Moist Dog Food,beefbroth,beef,driedeggproduct,beefliver,peaprotein,,beef,beef,dry egg,beef,pea
Earthborn Holistic,Earthborn Holistic Lily’s Gourmet Buffet Grain-Free Natural Moist Dog Food,lambbroth,lamb,driedeggproduct,peaprotein,tapioca,,broth,lamb,dry egg,pea,grain
Earthborn Holistic,Earthborn Holistic Toby’s Turkey Dinner Grain-Free Natural Moist Dog Food,turkeybroth,turkey,driedeggproduct,peaprotein,tapioca,,poultry,poultry,dry egg,pea,grain
Earthborn Holistic,Earthborn Holistic Duke’s Din-Din Grain-Free Natural Moist Dog Food,fishbroth,fish,driedeggproduct,tapioca,salt,,fish,fish,dry egg,grain,null
Earthborn Holistic,Earthborn Holistic Grain-Free Large Breed Dry Dog Food,chickenmeal,peas,tapioca,chickenfat(preservedwithmixedtocopherols),groundflaxseed,,poultryandbonemeal,pea,grain,meat fat,grain
Fromm,Fromm Four-Star Nutritionals Chicken A La Veg Formula Dry Dog Food,chicken,chickenmeal,pearledbarley,oatmeal,sweetpotato,,poultry,poultryandbonemeal,grain,grain,tuber
Fromm,Fromm Four-Star Nutritionals Duck & Sweet Potato Dry Dog Food,duck,duckmeal,pearledbarley,sweetpotato,brownrice,,poultry,dry poultry,grain,tuber,grain
Fromm,Fromm Four-Star Nutritionals Salmon A La Veg Dry Dog Food,salmon,salmonmeal,brownrice,sweetpotato,pearledbarley,,fish,dry fish,grain,tuber,grain
Fromm,Fromm Gold Small Breed Adult Dry Dog Food,duck,chickenmeal,chicken,oatmeal,pearledbarley,,poultry,poultryandbonemeal,poultry,grain,grain
Fromm,Fromm Gold Weight Management Dry Dog Food,turkeyliver,chickenmeal,pearledbarley,oatmeal,driedtomatopomace,,poultry,poultryandbonemeal,grain,grain,veg pulp
Fromm,Fromm Four-Star Nutritionals Shredded Chicken Entree Canned Dog Food,chicken,chickenbroth,carrots,russetpotatoes,peas,,poultry,poultry,other veg,tuber,pea
Fromm,Fromm Four-Star Nutritionals Shredded Pork Canned Dog Food,pork,water,carrots,potatoes,peas,,pork,null,other veg,tuber,pea
Fromm,Fromm Four-Star Nutritionals Shredded Beef Entree Canned Dog Food,beef,beefbroth,carrots,russetpotatoes,peas,,beef,beef,other veg,tuber,pea
Hi-Tek Naturals,Hi-Tek Naturals Grain-Free Chicken Meal & Sweet Potato Formula Adult Dry Dog Food,chickenmeal,sweetpotato,peas,porkmeal,egg,,poultryandbonemeal,tuber,pea,dry pork,egg
Hi-Tek Naturals,"Hi-Tek Naturals Lamb Meal, Barley & Rice Formula Adult Dry Dog Food",lambmeal,barley,whiterice,brownrice,porkmeatmeal,,dry lamb,grain,grain,grain,dry pork
Hi-Tek Naturals,Hi-Tek Naturals Grain-Free Alaskan Fish Formula Adult Dry Dog Food,salmonmeal,sweetpotato,herringmeal,oceanwhitefishmeal,potato,,dry fish,tuber,dry fish,fish,tuber
Horizon,Horizon Legacy Adult Grain-Free Dry Dog Food,chicken,chickenmeal,pea,peastarch,turkeymeal,,poultry,poultryandbonemeal,pea,pea,dry poultry
K9 Natural,K9 Natural Venison Feast Raw Freeze-Dried Dog Food,venisonmeat,venisonbone,lambblood,eggs,lambgreentripe,,beef,bones,lamb,egg,lamb
Lotus,Lotus Wholesome Chicken & Asparagus Stew Grain-Free Canned Dog Food,chicken,chickenbroth,potatostarch,choppedasparagus,chickenfat,,poultry,poultry,tuber,other veg,meat fat
Lotus,Lotus Wholesome Turkey Stew Grain-Free Canned Dog Food,turkey,turkeybroth,potatostarch,calciumlactate,chickenfat,,poultry,poultry,tuber,null,meat fat
NutriSource,NutriSource Chicken & Rice Formula Canned Dog Food,chicken,chickenbroth,chickenliver,oceanfish,brownrice,,poultry,poultry,poultry,fish,grain
NutriSource,"NutriSource Chicken, Lamb & Ocean Fish Formula Canned Dog Food",chicken,chickenbroth,lamb,oceanfish,chickenliver,,poultry,poultry,lamb,fish,poultry
Orijen,Orijen 6 Fish Grain-Free Formula Dry Dog Food,wholesalmon,wholeherring,salmonmeal,herringmeal,pollockmeal,,fish,fish,dry fish,dry fish,dry fish
Pinnacle,Pinnacle Grain-Free Salmon & Potato Recipe Dry Dog Food,salmon,salmonmeal,potatoes,peas,canolaoil(preservedwithmixedtocopherols-sourceofvitamine),,fish,dry fish,tuber,pea,veg fat
Pinnacle,Pinnacle Grain-Free Turkey & Potato Recipe Dry Dog Food,turkey,turkeymeal,potatoes,peas,chickenfat(preservedwithmixedtocopherols-sourceofvitamine),,poultry,dry poultry,tuber,pea,meat fat
Pinnacle,Pinnacle Grain-Free Peak Protein Recipe Dry Dog Food,chickenmeal,chicken,potatoes,chickenfat(preservedwithmixedtocopherolsandcitricacid),tomatopomace,,poultryandbonemeal,poultry,tuber,meat fat,other veg
Pinnacle,Pinnacle Chicken & Oatmeal Recipe Dry Dog Food,chicken,chickenmeal,garbanzobeans,peas,peaflour,,poultry,poultryandbonemeal,pea,pea,pea
Primal,Primal Chicken Formula Nuggets Freeze-Dried Dog Food,chicken,chickennecks,chickengizzards,organickale,organiccarrots,,poultry,poultry,poultry,other veg,other veg
Primal,Primal Beef Formula Nuggets Freeze-Dried Dog Food,beefhearts,beeflivers,groundbeefbones,organickale,organiccarrots,,beef,beef,bones,other veg,other veg
Primal,Primal Lamb Formula Nuggets Freeze-Dried Dog Food,lambhearts,lamblivers,groundlambbones,organickale,organiccarrots,,lamb,lamb,bones,other veg,other veg
Primal,Primal Duck Formula Nuggets Freeze-Dried Dog Food,duck,ducknecks,duckwings,organickale,duckhearts,,poultry,poultry,poultry,other veg,poultry
Primal,Primal Turkey & Sardine Formula Nuggets Freeze-Dried Dog Food,turkey,turkeynecks,wholesardines,turkeyhearts,turkeylivers,,poultry,poultry,fish,poultry,poultry
Stewart Pro-Treat,Stewart Pro-Treat Raw Naturals Chicken Recipe Freeze-Dried Dog Food,chicken,groundchickenbone,chickenliver,chickengizzard,cantaloupe,,poultry,bones,poultry,poultry,other veg
Stewart Pro-Treat,Stewart Pro-Treat Raw Naturals Lamb Recipe Freeze-Dried Dog Food,lamb,lambheart,lambliver,groundlambbone,broccoli,,lamb,lamb,lamb,bones,other veg
Stewart Pro-Treat,Stewart Pro-Treat Raw Naturals Chicken & Salmon Recipe Freeze-Dried Dog Food,chicken,groundchickenbone,chickenliver,salmon,broccoli,,poultry,bones,poultry,fish,other veg
The Honest Kitchen,The Honest Kitchen Force Dehydrated Dog Food,allingredientsdehydrated:chicken,organicflaxseed,potatoes,celery,sweetpotatoes,,dry poultry,grain,tuber,other veg,tuber
The Honest Kitchen,The Honest Kitchen Embark Dehydrated Dog Food,allingredientsdehydrated:turkey,organicflaxseed,potatoes,celery,spinach,,dry poultry,grain,tuber,other veg,other veg
The Honest Kitchen,The Honest Kitchen Love Dehydrated Dog Food,allingredientsdehydrated:beef,sweetpotatoes,potatoes,organicflaxseed,organiccoconut,,dry beef,tuber,tuber,grain,other veg
The Real Meat Company,The Real Meat Company 90% Beef Air-Dried Dog Food,beef,beeflung,beefliver,beefheart,parsley,,beef,beef,beef,beef,other veg
The Real Meat Company,The Real Meat Company 90% Chicken Air-Dried Dog Food,chicken,chickenliver,chickenheart,chickengizzard,chickennecks,,poultry,poultry,poultry,poultry,poultry
The Real Meat Company,The Real Meat Company 90% Lamb Air-Dried Dog Food,lamb,lamblung,lambliver,lambheart,parsley,,lamb,lamb,lamb,lamb,other veg
VeRUS,VeRUS Chicken & Brown Rice Formula Canned Dog Food,chicken,chickenbroth,chickenliver,brownrice,pearledbarley,,poultry,poultry,poultry,grain,grain
VeRUS,VeRUS Beef & Barley Formula Canned Dog Food,beef,beefbroth,beefliver,pearledbarley,brownrice,,beef,beef,beef,grain,grain
Wysong,Wysong Archetype Chicken Formula Freeze-Dried Dog & Cat Food,chicken,chickenorgans,groundchickenbone,naturalflavor,taurine,,poultry,poultry,bones,null,null
Wysong,Wysong Fundamentals Dry Dog & Cat Food,chickenmeal,brownrice,organicchicken,chickenfat,naturalchickenflavor,,poultryandbonemeal,grain,poultry,meat fat,null
ZiwiPeak,ZiwiPeak Daily-Dog Beef Cuisine Canned Dog Food,beefmeat,beefliver,beeflung,beeftripe,newzealandgreen-lippedmussel,,beef,beef,beef,beef,fish
Orijen,Orijen Adult Grain-Free Dry Dog Food,bonelesschicken,chickenmeal,chickenliver,wholeherring,bonelessturkey,,poultry,poultryandbonemeal,poultry,fish,poultry
Orijen,Orijen Regional Red Grain-Free Dry Dog Food,bonelessangusbeef,bonelesswildboar,bonelesslamb,beefliver,bonelesspork,,beef,pork,lamb,beef,pork
Orijen,Orijen Senior Grain-Free Dry Dog Food,bonelesschicken,chickenmeal,chickenliver,wholeherring,turkeymeal,,poultry,poultryandbonemeal,poultry,fish,dry poultry
ZiwiPeak,ZiwiPeak Daily-Dog Lamb Cuisine Air-Dried Dog Food,lamb-meat(includesupto3%finelygroundbone),lamb-liver,lung,tripe,heartandkidney,,lamb,lamb,beef,beef,beef
ZiwiPeak,ZiwiPeak Daily-Dog Venison Cuisine Air-Dried Dog Food,venison-meat(includesupto3%finelygroundbone),venison-liver,lung,tripe,heartandkidney,,beef,beef,beef,beef,beef
ZiwiPeak,ZiwiPeak Daily-Dog Venison & Fish Cuisine Air-Dried Dog Food,venison-meat(includesupto3%finelygroundbone),hokifish,venison-liver,lung,tripe,,beef,fish,beef,beef,beef
ZiwiPeak,ZiwiPeak Daily-Dog Beef Cuisine Air-Dried Dog Food,beef-meat(includesupto3%finelygroundbone),beef-liver,lung,tripe,newzealandgreen-lippedmussel,,beef,beef,beef,beef,fish
ZiwiPeak,ZiwiPeak Daily-Dog Cuisine Rabbit & Lamb Canned Dog Food,rabbitmeat,lambmeat,lambliver,lamblung,lambtripe,,poultry,lamb,lamb,lamb,lamb
ZiwiPeak,ZiwiPeak Daily-Dog Cuisine Venison Canned Dog Food,venisonmeat,venisonliver,venisonlung,venisontripe,venisonheartandkidney,,beef,beef,beef,beef,beef
ZiwiPeak,ZiwiPeak Daily-Dog Cuisine Venison & Fish Canned Dog Food,venisonmeat,hokifish,venisonliver,venisonlung,venisontripe,,beef,fish,beef,beef,beef
Wysong,Wysong Epigen 90 Starch-Free Formula Dry Dog & Cat Food,chickenmeal,organicchicken,meatproteinisolate,chickenfat,gelatin,,poultryandbonemeal,poultry,meat protein,meat fat,null
,,,,,,,,,,,,
PREMIUM CAT FOODS,,,,,,,,,,,,
Brand,Product,1st Ingredient,2nd Ingredient,3rd Ingredient,4th Ingredient,5th Ingredient,,1st Ingredient Equivalent,2nd Ingredient Equivalent,3rd Ingredient Equivalent,4th Ingredient Equivalent,5th Ingredient Equivalent
ACANA,ACANA Grasslands Regional Formula Grain-Free Dry Cat & Kitten Food,bonelesslamb,lambmeal,bonelessduck,pollockmeal,duckfat,,lamb,dry lamb,poultry,dry fish,meat fat
ACANA,ACANA Pacifica Regional Formula Grain-Free Dry Cat & Kitten Food,bonelessherring,herringmeal,pollockmeal,bonelessflounder,bonelesspacifichake,,fish,dry fish,dry fish,fish,fish
ACANA,ACANA Wild Prairie Regional Formula Grain-Free Dry Cat & Kitten Food,bonelesschicken,chickenmeal,turkeymeal,bonelessturkey,chickenfat,,poultry,poultryandbonemeal,dry poultry,poultry,meat fat
Addiction,Addiction Grain-Free Black Forest Rabbit & Blueberries Entree Canned Cat Food,rabbit,water,sweetpotatoes,liver,blueberries,,poultry,null,tuber,beef,other veg
Addiction,Addiction Grain-Free Herbed Duck Confit & Sweet Potatoes Entree Canned Cat Food,duck,broth,sweetpotatoes,liver,thyme,,poultry,broth,tuber,beef,other veg
Addiction,Addiction Grain-Free Safari Buffalo Meatloaf Canned Cat Food,buffalo,broth,potatoes,liver,carrots,,beef,broth,tuber,beef,other veg
Addiction,Addiction Grain-Free Salmon Bleu Dry Cat Food,salmonmeal,driedpotatoes,driedtapioca,chickenfat(preservedwithmixedtocopherols,peas,,dry fish,tuber,grain,meat fat,pea
Addiction,Addiction Grain-Free Turkey with Cranberries & Apples Entree Canned Cat Food,turkey,broth,potatoes,liver,cranberries,,poultry,broth,tuber,beef,other veg
Addiction,Addiction Grain-Free Viva La Venison Dry Cat Food,venisonmeal,driedpotatoes,driedtapioca,chickenfat(preservedwithmixedtocopherols,peas,,dry beef,tuber,grain,meat fat,pea
Addiction,Addiction Grain-Free Wild Brushtail & Berries Entree Raw Dehydrated Cat Food,brushtail,potatoes,carrots,papayas,sunflowerseeds,,poultry,tuber,other veg,other veg,other veg
Addiction,Addiction New Zealand Brushtail & Vegetables Entree Canned Cat Food,brushtail,venison,potatoes,peas,driedseaweed,,poultry,beef,tuber,pea,other veg
Adirondack,Adirondack Adult Recipe Dry Cat Food,chickenmeal,brownrice,chickenfat(preservedwithmixedtocopherols,groundgrainsorghum,eggproduct,,poultryandbonemeal,grain,meat fat,grain,egg
Adirondack,Adirondack Kitten Protein-Rich,chickenmeal,brownrice,groundgrainsorghum,chickenfat(preservedwithmixedtocopherols,oatgroats,,poultryandbonemeal,grain,grain,meat fat,grain
Adirondack,Adirondack Lean Adult & Senior Recipe Dry Cat Food,chickenmeal,brownrice,pearledbarley,groundgrainsorghum,oatgroats,,poultryandbonemeal,grain,grain,grain,grain
Annamaet,Annamaet Chicken Meal & Brown Rice Original Formula Dry Cat Food,chickenmeal,brownrice,chickenfat(preservedwithmixedtocopherols(vitamine,rolledoats,millet,,poultryandbonemeal,grain,meat fat,grain,grain
Annamaet,Annamaet Grain-Free Chicken & Fish Formula Dry Cat Food,chickenmeal,tapioca,chickenfat(preservedwithmixedtocopherols(vitamine,herringmeal,driedeggs,,poultryandbonemeal,grain,meat fat,dry fish,dry egg
Blackwood,Blackwood Chicken Meal & Corn Recipe Original Formula Dry Cat Food,chickenmeal,groundcorn,brownrice,wheatflour,chickenfat(preservedwithmixedtocopherols,,poultryandbonemeal,grain,grain,grain,meat fat
Blackwood,Blackwood Chicken Meal & Field Pea Recipe Grain-Free Dry Cat Food,chickenmeal,fieldpea,chickenfat(preservedwithmixedtocopherols,whitefishmeal,buffalomeal,,poultryandbonemeal,pea,meat fat,dry fish,dry beef
Blackwood,Blackwood Chicken Meal & Rice Recipe Adult Dry Cat Food,chickenmeal,brownrice,groundgrainsorghum,millet,chickenfat(preservedwithmixedtocopherols,,poultryandbonemeal,grain,grain,grain,meat fat
Blackwood,Blackwood Chicken Meal & Rice Recipe Indoor Formula Dry Cat Food,chickenmeal,brownrice,millet,groundgrainsorghum,chickenfat(preservedwithmixedtocopherols,,poultryandbonemeal,grain,grain,grain,meat fat
Blackwood,Blackwood Chicken Meal & Rice Recipe Lean Dry Cat Food,chickenmeal,brownrice,millet,groundgrainsorghum,oatgroats,,poultryandbonemeal,grain,grain,grain,grain
Blackwood,Blackwood Duck Meal,duckmeal,salmonmeal,fieldpea,tapiocastarch,chickenfat(preservedwithmixedtocopherols,,dry poultry,dry fish,pea,grain,meat fat
By Nature,By Nature Active Defense +Turkey,debonedturkey,chickenmeal,debonedchicken,turkeymeal,greenpeas,,poultry,poultryandbonemeal,poultry,dry poultry,pea
By Nature,By Nature Active Defense+ Balanced Diet Ocean Whitefish,debonedoceanwhitefish,menhadenfishmeal,oceanwhitefishmeal,peaprotein,steel-cutoats,,fish,dry fish,fish,pea,grain
By Nature,By Nature Active Defense+ Balanced Diet Turkey,debonedturkey,chickenmeal,steel-cutoats,greenpeas,turkeymeal,,poultry,poultryandbonemeal,grain,pea,dry poultry
By Nature,By Nature Active Defense+ Grain-Free Pork & Sweet Potato Recipe Dry Cat Food,debonedpork,porkmeal,lentils,potatoprotein,sweetpotatoes,,pork,dry pork,pea,veg protein,tuber
By Nature,By Nature Active Defense+ Ocean Whitefish & Green Peas Recipe Grain-Free Dry Cat Food,debonedoceanwhitefish,oceanwhitefishmeal,peaprotein,menhadenfishmeal,greenpeas,,fish,fish,pea,dry fish,pea
By Nature,By Nature Natural Kitten Dry Cat Food,chickenmeal,groundbarley,chickenfat(stabilizedwithmixedtocopherols,groundoats,chicken,,poultryandbonemeal,grain,meat fat,grain,poultry
Dr. Tim's,Dr. Tim’s Chase All Life Stages Formula Dry Cat Food,chickenmeal,brownriceflour,chickenfat(preservedwithmixedtocopherols(anaturalsourceofvitamine,andcitricacid,herringmeal,,poultryandbonemeal,grain,meat fat,null,dry fish
Dr. Tim's,Dr. Tim’s Flavor Booster Genuine Freeze-Dried Dog & Cat Food Supplement,venisonmeat(includesupto3%finelygroundbone),venisonliver,venisontripe,venisonlung,venisonkidney,,beef,beef,beef,beef,beef
Eagle Pack,Eagle Pack Indoor Adult Dry Cat Food,chickenmeal,rice,peas,oatmeal,chickenfat(preservedwithmixedtocopherols,,poultryandbonemeal,grain,pea,grain,meat fat
Eagle Pack,Eagle Pack Original Adult Dry Cat Food,chickenmeal,oatmeal,peas,chickenfat(preservedwithmixedtocopherols,brewersdriedyeast,,poultryandbonemeal,grain,pea,meat fat,yeast
Earthborn Holistic,Earthborn Holistic Chicken Fricatssee Grain-Free Natural Canned Cat & Kitten Food,chickenbroth,chicken,potatoes,sunfloweroil,peas,,poultry,poultry,tuber,veg fat,pea
Earthborn Holistic,Earthborn Holistic Chicken Jumble with Liver Grain-Free Natural Canned Cat & Kitten Food,chickenbroth,chicken,potatoes,chickenliver,sunfloweroil,,poultry,poultry,tuber,poultry,veg fat
Earthborn Holistic,Earthborn Holistic Feline Vantage Natural Dry Cat & Kitten Food,chickenmeal,groundbrownrice,peaprotein,oatmeal,driedeggproduct,,poultryandbonemeal,grain,pea,grain,dry egg
Earthborn Holistic,Earthborn Holistic Primitive Feline Grain-Free Natural Dry Cat & Kitten Food,turkeymeal,chickenmeal,peaprotein,chickenfat(preservedwithmixedtocopherols,peas,,dry poultry,poultryandbonemeal,pea,meat fat,pea
Earthborn Holistic,Earthborn Holistic Ranch House Stew Grain-Free Natural Canned Cat & Kitten Food,beefbroth,beef,driedeggproduct,chicken,pumpkins,,beef,beef,dry egg,poultry,other veg
Earthborn Holistic,Earthborn Holistic Wild Sea Catch Grain-Free Natural Dry Cat & Kitten Food,salmonmeal,herringmeal,canolaoil(preservedwithmixedtocopherols,peas,potatoes,,dry fish,dry fish,veg fat,pea,tuber
Evolve,Evolve Kitten Formula Dry Cat Food,chicken,chickenmeal,groundbrownrice,riceflour,chickenfat(preservedwithmixedtocopherols,,poultry,poultryandbonemeal,grain,grain,meat fat
Evolve,Evolve Maintenance Formula with Chicken Dry Cat Food,chicken,chickenmeal,groundbrownrice,riceflour,chickenfat(preservedwithmixedtocopherols,,poultry,poultryandbonemeal,grain,grain,meat fat
Evolve,Evolve Salmon,debonedsalmon,chickenmeal,oatmeal,wholegroundrice,turkeymeal,,fish,poultryandbonemeal,grain,grain,dry poultry
Feline Caviar,Feline Caviar Holistic Free-Range Chicken with Sweet Potato & Spinach Grain-Free Wet Cat & Kitten Food,chicken,chickenbroth,sweetpotato,spinach,oliveoil,,poultry,poultry,tuber,other veg,veg fat
Feline Caviar,Feline Caviar Limited Ingredient Diet Free Spirit Holistic EntrÌÄå©e Grain-Free Dry Cat Food,dehydratedchicken,salmonmeal,chickenfat,chickpeas,coconut,,poultry,dry fish,meat fat,pea,other veg
Feline Caviar,Feline Caviar Limited Ingredient Diet Wild Ocean Holistic EntrÌÄå©e Grain-Free Dry Cat Food,herringmeal,splitpeas,canolaoil,coconut,sun-curedalfalfa,,dry fish,pea,veg fat,other veg,other veg
Feline Caviar,Feline Caviar Limited Ingredient Diet Wilderness Holistic EntrÌÄå©e Grain-Free Dry Cat Food,venisonmeal,splitpeas,lambfat(preservedwithmixedtocopherols,menhadenoil(preservedwithmixedtocopherols,sun-curedalfalfa,,dry beef,pea,meat fat,meat fat,other veg
Feline Natural,Feline Natural Chicken & Lamb Feast Raw Freeze-Dried Cat Food,chicken,lambheart,lambliver,lambkidneyslambbloodandgreenlippedmussel.,null,,poultry,lamb,lamb,lamb,fish
Feline Natural,Feline Natural Chicken & Venison Feast Raw Freeze-Dried Cat Food,chicken,venisonheart,venisonliver,venisonkidney,greenlippedmussel,,poultry,beef,beef,beef,fish
FirstMate,FirstMate Chicken Formula Limited Ingredient Grain-Free Canned Cat Food,chicken,chickenliver,watersufficientforprocessing,potato,calciumcarbonate,,poultry,poultry,null,tuber,null
FirstMate,FirstMate Chicken Meal with Blueberries Formula Limited Ingredient Diet Grain-Free Dry Cat Food,chickenmeal,potato,chickenfat(preservedwithmixedtocopherols,wholeblueberries,dl-methionine,,poultryandbonemeal,tuber,meat fat,other veg,null
FirstMate,FirstMate Dry Cat Food,wildherringmeal,and/orwildanchovymeal,and/orwildsardinemeal,chickenmeal,pearledbarley,,fish,fish,fish,poultryandbonemeal,grain
FirstMate,FirstMate Salmon Formula Limited Ingredient Grain-Free Canned Cat Food,wildboneless/skinlesssalmon,watersufficientforprocessing,potato,calciumcarbonate,sodiumchloride,,fish,null,tuber,null,null
FirstMate,FirstMate Turkey Formula Limited Ingredient Grain-Free Canned Cat Food,turkey,chickenliver,watersufficientforprocessing,potato,calciumcarbonate,,poultry,poultry,null,tuber,null
FirstMate,FirstMate Wild Tuna Formula Limited Ingredient Grain-Free Canned Cat Food,albacoretuna,watersufficientforprocessing,potato,calciumcarbonate,sodiumchloride,,fish,null,tuber,null,null
Fromm,Fromm Four-Star Nutritionals Chicken A La Veg Dry Cat Food,chicken,chickenmeal,pearledbarley,whiterice,chickenbroth,,poultry,poultryandbonemeal,grain,grain,poultry
Fromm,Fromm Four-Star Nutritionals Duck A La Veg Dry Cat Food,duck,duckmeal,pearledbarley,whiterice,sweetpotato,,poultry,dry poultry,grain,grain,tuber
Fromm,Fromm Four-Star Nutritionals Grain-Free Beef Livattini Veg Dry Cat Food,beefliver,driedwholeegg,salmonmeal,chickpeas,peas,,beef,dry egg,dry fish,pea,pea
Fromm,Fromm Four-Star Nutritionals Grain-Free Salmon Tunachovy Dry Cat Food,salmon,salmonmeal,peas,peaprotein,wholedriedegg,,fish,dry fish,pea,pea,dry egg
Fromm,Fromm Four-Star Nutritionals Salmon A La Veg Dry Cat Food,salmon,salmonmeal,pearledbarley,whiterice,sweetpotato,,fish,dry fish,grain,grain,tuber
Fromm,Fromm Gold Holistic Adult Dry Cat Food,duck,chickenmeal,pearledbarley,whiterice,salmonmeal,,poultry,poultryandbonemeal,grain,grain,dry fish
Fromm,Fromm Gold Holistic Kitten Dry Cat Food,duck,chickenmeal,pearledbarley,whiterice,salmonmeal,,poultry,poultryandbonemeal,grain,grain,dry fish
Fromm,Fromm Gold Holistic Mature Dry Cat Food,duck,chickenmeal,pearledbarley,whiterice,potatoes,,poultry,poultryandbonemeal,grain,grain,tuber
Grandma Lucy's,Grandma Lucy’s Artisan Grain-Free Chicken & Fish Freeze-Dried Cat Food,usdachicken,usdapollock,potatoes,flax,carrots,,poultry,fish,tuber,other veg,other veg
Grandma Lucy's,Grandma Lucy’s Simple Remedy Freeze-Dried Dog & Cat Meal Replacement,freeze-driedchicken,whiterice,null,null,null,,dry poultry,grain,fish,fish,fish
Great Life,Great Life Chicken Grain-Free Dry Cat Food,chicken,tapioca,jicama,chickenliver,groundchickennecks,,poultry,grain,other veg,poultry,poultryandbonemeal
Great Life,Great Life Salmon Grain-Free Dry Cat Food,wildsalmon,tapioca,jicama,suncuredalfafameal,yams,,fish,grain,other veg,other veg,tuber
Holistic Select,Holistic Select Adult & Kitten Health Chicken Meal Recipe Dry Cat Food,chickenmeal,groundbrownrice,chickenfat(preservedwithmixedtocopherols,oatmeal,anchovy&sardinemeal,,poultryandbonemeal,grain,meat fat,grain,fish
Holistic Select,Holistic Select Adult Health Anchovy,anchovy&sardinemeal,groundbrownrice,chickenmeal,chickenfat(preservedwithmixedtocopherols,oatmeal,,fish,grain,poultryandbonemeal,meat fat,grain
Holistic Select,Holistic Select Adult Health Duck Meal Recipe Dry Cat Food,duckmeal,groundbrownrice,chickenmeal,chickenfat(preservedwithmixedtocopherols,oatmeal,,dry poultry,grain,poultryandbonemeal,meat fat,grain
Holistic Select,Holistic Select Grain-Free Indoor Health/Weight Control Turkey,turkeymeal,potatoes,peas,chickenmeal,driedgroundpotatoes,,dry poultry,tuber,pea,poultryandbonemeal,tuber
Horizon,Horizon Legacy Cat & Kitten Grain-Free Dry Cat Food,chicken,chickenmeal,turkeymeal,peas,peastarch,,poultry,poultryandbonemeal,dry poultry,pea,pea
Hound & Gatos,Hound & Gatos 100% Beef Formula Canned Cat Food,beef,water,tricalciumphosphate,potassiumchloride,cholinechloride,,beef,null,null,null,null
Lotus,Lotus Just Juicy Chicken Stew Grain-Free Canned Cat Food,chicken,chickenbroth,potatostarch,calciumlactate,chickenfat(preservedwithmixedtocopherolsandcitricacid,,poultry,poultry,tuber,null,meat fat
Lotus,Lotus Just Juicy Pollock Stew Grain-Free Canned Cat Food,pollock,pollockbroth,potatostarch,oliveoil,calciumlactate,,fish,broth,tuber,veg fat,null
Lotus,Lotus Just Juicy Pork Stew Grain-Free Canned Cat Food,pork,porkbroth,potatostarch,calciumlactate,carrots,,pork,pork,tuber,null,other veg
Lotus,Lotus Just Juicy Salmon & Polluck Stew Grain-Free Canned Cat Food,salmon,pollock,salmonbroth,potatostarch,calciumlactate,,fish,fish,broth,tuber,null
Lotus,Lotus Just Juicy Turkey Stew Grain-Free Canned Cat Food,turkey,turkeybroth,potatostarch,carrots,calciumlactate,,poultry,poultry,tuber,other veg,null
Natural Planet Organics,Natural Planet Organics Chicken Formula Dry Cat Food,organicchicken,chickenmeal,organicpeas,organicflaxseed,organicbarley,,poultry,poultryandbonemeal,pea,grain,grain
Nature's Logic,Nature’s Logic Feline Beef Feast Canned Cat Food,beef,beefbroth,beefliver,sardines,montmorilloniteclay,,beef,beef,beef,fish,null
Nature's Logic,Nature’s Logic Feline Chicken Feast Canned Cat Food,chicken,chickenbroth,chickenliver,chickenheart,driedeggproduct,,poultry,poultry,poultry,poultry,dry egg
Nature's Logic,Nature’s Logic Feline Chicken Meal Feast Dry Cat Food,oldformulation:chickenmeal,millet,chickenfat,pumpkinseed,yeastculture,,dry poultry,grain,meat fat,other veg,yeast
Nature's Logic,Nature’s Logic Feline Duck & Salmon Recipe Canned Cat Food,duck,duckbroth,poultryliver,salmon,poultryheart,,poultry,poultry,poultry,fish,poultry
Nature's Logic,Nature’s Logic Feline Rabbit Feast Canned Cat Food,rabbit,porkliver,watersufficientforprocessing,driedeggproduct,porcineplasma,,poultry,pork,null,dry egg,pork
Nature's Logic,Nature’s Logic Feline Rabbit Meal Feast Dry Cat Food,oldformulation:rabbitmeal,turkeymeal,millet,chickenfat,pumpkinseed,,dry poultry,dry poultry,grain,meat fat,other veg
Nature's Logic,Nature’s Logic Feline Sardine Feast Canned Cat Food,sardines,watersufficientforprocessing,driedeggproduct,porcineplasma,montmorilloniteclay,,fish,null,dry egg,pork,null
Nature's Logic,Nature’s Logic Feline Sardine Meal Feast Dry Cat Food,sardinemeal,millet,chickenfat(preservedwithmixedtocopherols,pumpkinseed,yeastculture,,dry fish,grain,meat fat,other veg,yeast
Nature's Logic,Nature’s Logic Feline Turkey Feast Canned Cat Food,turkey,turkeybroth,turkeyliver,driedeggproduct,porcineplasma,,poultry,poultry,poultry,dry egg,pork
Nature's Logic,Nature’s Logic Feline Turkey Meal Feast Dry Cat Food,turkeymeal,millet,chickenfat(preservedwithmixedtocopherols,pumpkinseed,yeastculture,,dry poultry,grain,meat fat,other veg,yeast
Now Fresh,Now Fresh Grain-Free Adult Fish Recipe Dry Cat Food,de-bonedtrout,wholedriedegg,potatoes,potatoflour,peas,,fish,dry egg,tuber,tuber,pea
Now Fresh,Now Fresh Grain-Free Adult Recipe Dry Cat Food,de-bonedturkey,potatoflour,peas,potatoes,peafibre,,poultry,tuber,pea,tuber,veg pulp
Now Fresh,Now Fresh Grain-Free Kitten Recipe Dry Cat Food,de-bonedturkey,potatoflour,peas,potatoes,wholedriedegg,,poultry,tuber,pea,tuber,dry egg
Now Fresh,Now Fresh Grain-Free Senior Weight Management Recipe Dry Cat Food,de-bonedturkey,potatoflour,peas,peafibre,wholedriedegg,,poultry,tuber,pea,veg pulp,dry egg
NutriSource,NutriSource Cat & Kitten Chicken & Rice Formula Dry Cat Food,chicken,chickenmeal,brownrice,peas,chickenfat(preservedwithmixedtocopherolsandcitricacid,,poultry,poultryandbonemeal,grain,pea,meat fat
NutriSource,NutriSource Cat & Kitten Chicken Meal,chickenmeal,brownrice,peas,salmon,chickenlivers,,poultryandbonemeal,grain,pea,fish,poultry
NutriSource,NutriSource Grain-Free Country Select Entree Dry Cat Food,chicken,duckmeal,peas,chickenmeal,chickpeas,,poultry,dry poultry,pea,poultryandbonemeal,pea
NutriSource,NutriSource Grain-Free Ocean Select Entree Dry Cat Food,trout,whitefishmeal,peas,salmonmeal,peaprotein,,fish,dry fish,pea,dry fish,pea
NutriSource,NutriSource Senior/Weight Management Chicken & Rice Formula Dry Cat Food,chickenmeal,brownrice,barley,oatmeal,peas,,poultryandbonemeal,grain,grain,grain,pea
Orijen,Orijen 6 Fish Grain-Free Formula Dry Cat Food,wholesalmon,wholeherring,salmonmeal,herringmeal,pollockmeal,,fish,fish,dry fish,dry fish,dry fish
Orijen,Orijen Cat & Kitten Grain-Free Dry Cat Food,bonelesschicken,chickenmeal,chickenliver,wholeherring,bonelessturkey,,poultry,poultryandbonemeal,poultry,fish,poultry
Orijen,Orijen Regional Red Grain-Free Dry Cat Food,bonelesswildboar,bonelesslamb,bonelessbeef,beefliver,bonelesspork,,pork,lamb,beef,beef,pork
Precise Holistic Complete,Precise Holistic Complete Adult Chicken Formula Dry Cat Food,chicken,chickenmeal,groundbrownrice,oatmeal,chickenfat(preservedwithmixedtocopherolsandascorbylpalmitate,,poultry,poultryandbonemeal,grain,grain,meat fat
Precise Holistic Complete,Precise Holistic Complete Pork Meal & Spring Yellow Pea Grain-Free Dry Cat Food,porkmeal,springyellowpeaflour,springyellowpeastarch,chickenmeal,chickenfat(preservedwithmixedtocopherolsandascorbylpalmitate,,dry pork,pea,pea,poultryandbonemeal,meat fat
Precise Holistic Complete,Precise Holistic Complete Salmon Meal & Spring Yellow Pea Grain-Free Dry Cat Food,salmonmeal,springyellowpeaflour,springyellowpeastarch,chickenmeal,chickenfat(preservedwithmixedtocopherolsandascorbylpalmitate,,dry fish,pea,pea,poultryandbonemeal,meat fat
Precise Holistic Complete,Precise Holistic Complete Turkey Meal & Chicken Meal Formula with Spring Yellow Peas Grain-Free Dry Cat Food,turkeymeal,chickenmeal,springyellowpeastarch,springyellowpeaflour,chickenfat(preservedwithmixedtocopherolsandascorbylpalmitate,,dry poultry,poultryandbonemeal,pea,pea,meat fat
Precise,Precise Naturals Chicken Meal & Rice Foundation Formula Dry Cat Food,chickenmeal,groundbrownrice,chickenfat(preservedwithmixedtocopherolsandascorbylpalmitate,tomatopomace,beetpulp,,poultryandbonemeal,grain,meat fat,other veg,veg pulp
Precise,Precise Naturals Grain-Free Feline Chicken Meal Formula Adult Dry Cat Food,chickenmeal,springyellowpeastarch,springyellowpeaflour,chickenfat(preservedwithmixedtocopherolsandascorbylpalmitate,driedeggproduct,,poultryandbonemeal,pea,pea,meat fat,dry egg
Precise,Precise Naturals Kitten Formula Dry Cat Food,chickenmeal,groundbrownrice,chickenfat(preservedwithmixedtocopherolsandascorbylpalmitate,fishmeal,oatmeal,,poultryandbonemeal,grain,meat fat,dry fish,grain
Precise,Precise Naturals Senior Formula Dry Cat Food,chickenmeal,groundbrownrice,oatmeal,tomatopomace,beetpulp,,poultryandbonemeal,grain,grain,other veg,veg pulp
Primal,Primal Beef & Salmon Formula Nuggets Freeze-Dried Cat Food,beefhearts,beeflivers,groundbeefbones,salmon,organickale,,beef,beef,bones,fish,other veg
Primal,Primal Chicken & Salmon Formula Nuggets Freeze-Dried Cat Food,chicken,chickennecks,chickengizzards,salmon,chickenlivers,,poultry,poultry,poultry,fish,poultry
Primal,Primal Pork Formula Nuggets Freeze-Dried Cat Food,porkhearts,porklivers,groundporkbones,organiccollardgreens,organicsquash,,pork,pork,bones,other veg,other veg
Primal,Primal Turkey Formula Nuggets Freeze-Dried Cat Food,turkey,turkeynecks,turkeyhearts,turkeylivers,organiccollardgreens,,poultry,poultry,poultry,poultry,other veg
PureVita,PureVita Grain-Free Beef Stew Dinner Canned Cat Food,beef,beefbroth,peaflour,potatostarch,flaxseedoil,,beef,beef,pea,tuber,veg fat
PureVita,PureVita Grain-Free Chicken Stew Dinner Canned Cat Food,chicken,chickenbroth,peaflour,potatostarch,flaxseedoil,,poultry,poultry,pea,tuber,veg fat
PureVita,PureVita Grain-Free Salmon Entree Dry Cat Food,salmon,salmonmeal,peaprotein,peastarch,sunfloweroil,,fish,dry fish,pea,pea,veg fat
PureVita,PureVita Grain-Free Turkey Stew Dinner Canned Cat Food,turkey,turkeybroth,peaflour,potatostarch,flaxseedoil,,poultry,poultry,pea,tuber,veg fat
Redbarn,Redbarn Naturals Beefa Palooza Beef Stew Grain-Free Canned Cat Food,beef,beefbroth,vegetablebroth,beefpizzle,beefliver,,beef,beef,veg broth,beef,beef
Redbarn,Redbarn Naturals Salmon & Delilah Grain-Free Canned Cat Food,salmon,fishbroth,vegetablebroth,chickenliver,driedeggwhites,,fish,fish,veg broth,poultry,dry egg
Redbarn,Redbarn Naturals Tricky Chicky Chicken Stew Grain-Free Canned Cat Food,chicken,chickenbroth,vegetablebroth,chickenliver,driedeggwhites,,poultry,poultry,veg broth,poultry,dry egg
Spring Naturals,Spring Naturals Grain-Free Chicken Dinner with a Medley of Garden Greens & Berries Dry Cat Food,chicken,eggs,chickpeas,chickenfat(preservedwithmixedtocopherols,naturalflavors,,poultry,egg,pea,meat fat,null
Spring Naturals,Spring Naturals Grain-Free Turkey & Salmon Dinner with a Medley of Garden Greens & Berries Dry Cat Food,turkey,eggs,chickpeas,chickenfat(preservedwithmixedtocopherols,salmon,,poultry,egg,pea,meat fat,fish
Spring Naturals,Spring Naturals Grain-Free Turkey Dinner with a Medley of Garden Greens & Berries Dry Cat Food,turkey,eggs,chickpeas,chickenfat(preservedwithmixedtocopherols,naturalflavors,,poultry,egg,pea,meat fat,null
Stella & Chewy's,Stella & Chewy’s Chick Chick Chicken Dinner Freeze-Dried Cat Food,chicken(groundwithbone,chickenliver,chickengizzard,pumpkinseed,potassiumchloride,,poultryandbonemeal,poultry,poultry,other veg,null
Stella & Chewy's,Stella & Chewy’s Duck Duck Goose Dinner Freeze-Dried Cat Food,duck(groundwithbone,turkey,turkeyliver,goose,turkeygizzard,,poultry,poultry,poultry,poultry,poultry
Stella & Chewy's,Stella & Chewy’s Tummy Ticklin’ Turkey Freeze-Dried Dinner Cat Food,turkey(groundwithbone,turkeyliver,turkeygizzard,pumpkinseed,potassiumchloride,,poultryandbonemeal,poultry,poultry,other veg,null
The Honest Kitchen,The Honest Kitchen Grace Dehydrated Cat Food,allingredientsdehydrated:turkey,eggs,pumpkin,potatoes,parsley,,dry poultry,egg,other veg,tuber,other veg
The Honest Kitchen,The Honest Kitchen Prowl Dehydrated Cat Food,allingredientsdehydrated:chicken,eggs,potatoes,sweetpotatoes,organicflaxseed,,dry poultry,egg,tuber,tuber,grain
The Real Meat Company,The Real Meat Company 90% Beef Air-Dried Cat Food,beef,beeflung,beefliver,beefheart,parsley,,beef,beef,beef,beef,other veg
The Real Meat Company,The Real Meat Company 90% Chicken Air-Dried Cat Food,chicken,chickenliver,chickenheart,chickengizzards,chickenneck,,poultry,poultry,poultry,poultry,poultryandbonemeal
The Real Meat Company,The Real Meat Company 90% Lamb Air-Dried Cat Food,lamb,lamblung,lambliver,lambheart,parslet,,lamb,lamb,lamb,lamb,other veg
Triumph,Triumph Chicken,debonedchicken,chickenmeal,wholegroundbarley,oatmeal,wholegroundrice,,poultry,poultryandbonemeal,grain,grain,grain
Triumph,Triumph Salmon,debonedsalmon,chickenmeal,oatmeal,wholegroundrice,turkeymeal,,fish,poultryandbonemeal,grain,grain,dry poultry
VeRUS,VeRUS Feline Life Advantage Chicken Meal,chickenmeal,groundbrownrice,chickenfat(preservedwithmixedtocopherols,menhadenfishmeal,chicken,,poultryandbonemeal,grain,meat fat,dry fish,poultry
Wysong,Wysong Archetype Burgers Freeze-Dried Dog & Cat Food,beefandchicken,beefandchickenliver,groundbone,carrots,celery,,poultry,poultry,bones,other veg,other veg
Wysong,Wysong Archetype Chicken Formula Freeze-Dried Dog & Cat Food,chicken,chickenorgans,groundchickenbone,naturalflavor,taurine,,poultry,poultry,bones,null,null
Wysong,Wysong Archetype Pollock Formula Freeze-Dried Dog & Cat Food,pollock,naturalflavor,taurine,organicblueberry,organicbarleygrass,,fish,null,null,other veg,other veg
Wysong,Wysong Archetype Quail Formula Freeze-Dried Dog & Cat Food,quail,naturalflavor,taurine,organicblueberry,organicbarleygrass,,poultry,null,null,other veg,other veg
Wysong,Wysong Archetype Rabbit Formula Freeze-Dried Dog & Cat Food,rabbit,naturalflavor,taurine,organicblueberry,organicbarleygrass,,poultry,null,null,other veg,other veg
Wysong,Wysong Epigen 90 Starch-Free Formula Dry Dog & Cat Food,chickenmeal,organicchicken,meatproteinisolate,chickenfat,gelatin,,poultryandbonemeal,poultry,meat protein,meat fat,null
Wysong,Wysong Epigen Beef Formula Canned Dog & Cat Food,beef,watersufficientforprocessing,naturalflavor,organicguargum,mixedtocopherols,,beef,null,null,null,null
Wysong,Wysong Epigen Chicken Formula Canned Dog & Cat Food,chicken,watersufficientforprocessing,naturalflavor,organicguargum,mixedtocopherols,,poultry,null,null,null,null
Wysong,Wysong Epigen Duck Formula Canned Dog & Cat Food,duck,watersufficientforprocessing,naturalflavor,organicguargum,mixedtocopherols,,poultry,null,null,null,null
Wysong,Wysong Epigen Rabbit Formula Canned Dog & Cat Food,rabbit,watersufficientforprocessing,naturalflavor,organicguargum,mixedtocopherols,,poultry,null,null,null,null
Wysong,Wysong Epigen Salmon Formula Canned Dog & Cat Food,salmon,watersufficientforprocessing,naturalflavor,organicguargum,mixedtocopherols,,fish,null,null,null,null
Wysong,Wysong Epigen Starch-Free Chicken Formula Dry Dog & Cat Food,organicchicken,chickenmeal,turkeymeal,potatoprotein,meatproteinisolate,,poultry,poultryandbonemeal,dry poultry,veg protein,meat protein
Wysong,Wysong Epigen Turkey Formula Canned Dog & Cat Food,turkey,watersufficientforprocessing,naturalflavor,organicguargum,mixedtocopherols,,poultry,null,null,null,null
Wysong,Wysong Fundamentals Dry Dog & Cat Food,chickenmeal,brownrice,organicchicken,chickenfat,naturalchickenflavor,,poultryandbonemeal,grain,poultry,meat fat,null
Wysong,Wysong Geriatrx Dry Cat Food,chicken,chickenmeal,fishmeal,turkeymeal,brownrice,,poultry,poultryandbonemeal,dry fish,dry poultry,grain
Wysong,Wysong Nurture Kitten Formula Dry Cat Food,chicken,chickenmeal,fishmeal,turkeymeal,brownrice,,poultry,poultryandbonemeal,dry fish,dry poultry,grain
Wysong,Wysong Nurture with Quail Dry Dog & Cat Food,quail,chicken,chickenmeal,fishmeal,turkeymeal,,poultry,poultry,poultryandbonemeal,dry fish,dry poultry
Wysong,Wysong Optimal Geriatrx Dry Cat Food,organicchicken,chickenmeal,fishmeal,turkeymeal,peaprotein,,poultry,poultryandbonemeal,dry fish,dry poultry,pea
Wysong,Wysong Optimal Nurture Dry Cat Food,organicchicken,chickenmeal,fishmeal,turkeymeal,potatoprotein,,poultry,poultryandbonemeal,dry fish,dry poultry,veg protein
Wysong,Wysong Optimal Vitality Dry Cat Food,organicchicken,chickenmeal,fishmeal,turkeymeal,peaprotein,,poultry,poultryandbonemeal,dry fish,dry poultry,pea
Wysong,Wysong Uretic Dry Cat Food,chicken,chickenmeal,meatproteinisolate,potatoprotein,brownrice,,poultry,poultryandbonemeal,meat protein,veg protein,grain
Wysong,Wysong Vitality Dry Cat Food,chicken,chickenmeal,fishmeal,turkeymeal,brownrice,,poultry,poultryandbonemeal,dry fish,dry poultry,grain
ZiwiPeak,ZiwiPeak Daily-Cat Beef Canned Cat Food,beef-meat(includesupto3%finelygroundbone,min.23%beef-liver,lung,tripemin.47%newzealandgreen-lippedmusselmin.3%agar-agar,kelp,,beef,beef,beef,beef,other veg
ZiwiPeak,ZiwiPeak Daily-Cat Beef Cuisine Air-Dried Cat Food,beef-meat(includesupto3%finelygroundbone,beef-liver,lung,tripe,newzealandgreen-lippedmussel,,beef,beef,beef,beef,fish
ZiwiPeak,ZiwiPeak Daily-Cat Cuisine Lamb Canned Cat Food,lamb-meat(includesupto3%finelygroundbone,lamb-liver,tripe,lungnewzealandgreen-lippedmussellecithin,agar-agar,,lamb,lamb,beef,fish,null
ZiwiPeak,ZiwiPeak Daily-Cat Cuisine Rabbit & Lamb Canned Cat Food,rabbit-meat,lamb-meat,lamb-liver,lung,tripe,,poultry,lamb,lamb,beef,beef
ZiwiPeak,ZiwiPeak Daily-Cat Cuisine Venison & Fish Canned Cat Food,venisonmeat(includesupto3%finelygroundbone,venisonliver,venisonlung,venisontripe,venisonkidney,,beef,beef,beef,beef,beef
ZiwiPeak,ZiwiPeak Daily-Cat Cuisine Venison Canned Cat Food,venisonmeat(includesupto3%finelygroundbone,venisonliver,venisontripe,venisonlung,venisonkidney,,beef,beef,beef,beef,beef
ZiwiPeak,ZiwiPeak Daily-Cat Lamb Cuisine Air-Dried Cat Food,lamb-meat(includesupto3%finelygroundbone,lamb-liver,lung,tripe,heartandkidney,,lamb,lamb,beef,beef,beef
ZiwiPeak,ZiwiPeak Daily-Cat Venison & Fish Cuisine Air-Dried Cat Food,venison-meat(includesupto3%finelygroundbone,hokifish,venison-liver,lung,tripe,,beefandbonemeal,fish,beef,beef,beef
ZiwiPeak,ZiwiPeak Daily-Cat Venison Cuisine Air-Dried Cat Food,venison-meat(includesupto3%finelygroundbone,venison-liver,lung,tripe,heartandkidney,,beefandbonemeal,beef,beef,beef,beef
,,,,,,,,,,,,
MARKET-LEADING/NON-PREMIUM DOG FOODS,,,,,,,,,,,,
Brand,Product,1st Ingredient,2nd Ingredient,3rd Ingredient,4th Ingredient,5th Ingredient,,1st Ingredient Equivalent,2nd Ingredient Equivalent,3rd Ingredient Equivalent,4th Ingredient Equivalent,5th Ingredient Equivalent
Purina,Purina Dog Chow Complete Adult,wholegraincorn,meatandbonemeal,cornglutenmeal,animalfatpreservedwithmixed-tocopherols,soybeanmeal,,grain,beefandbonemeal,veg protein,meat fat,pea
Pedigree,"Dry Dog Food Adult Chicken, Rice and Vegetable Flavor",wholegraincorn,meatandbonemeal,cornglutenmeal,animalfatpreservedwithmixed-tocopherols,soybeanmeal,,grain,beefandbonemeal,veg protein,meat fat,pea
Purina ,Purina One Smartblend Lamb and Rice Formula Adult Dog Food,lamb(sourceofglucosamine),brewer'srice,wholegraincorn,wholegrainwheat,poultryby-productmeal(sourceofglucosamine),,lamb,grain,grain,grain,dry poultry
Iams,Iams Proactive Health Adult Large Breed,chicken,cornmeal,groundwholegrainsorghum,chickenby-productmeal(sourceofchondroitinsulfateandglucosamine),groundwholegrainbarley,,poultry,grain,grain,poultryandbonemeal,grain
Purina ,Purina Beneful Dry Dog Food Originals with Real Beef,groundyellowcorn,chickenby-productmeal,cornglutenmeal,wholewheatflour,animalfatpreservedwithmixed-tocopherols,,grain,dry poultry,veg protein,grain,meat fat
Kibbles 'n Bits,Kibbles 'n Bits Original,corn,soybeanmeal,beef&bonemeal,groundwheat,animalfat(bhausedaspreservative),,grain,pea,beefandbonemeal,grain,meat fat
Purina ,Purina Beneful Healthy Weight with Real Chicken,groundyellowcorn,chickenby-productmeal,cornglutenmeal,soybeanhulls*,wholewheatflour,,grain,dry poultry,veg protein,veg pulp,grain
Purina ,Purina Alpo Prime Cuts Savory Beef Flavor,groundyellowcorn,meatandbonemeal,soybeanmeal,beeftallowpreservedwithmixed-tocopherols(formofvitamine),cornglutenmeal,,grain,beefandbonemeal,pea,meat fat,veg protein
Rachael Ray Nutrish,Rachael Ray Nutrish Real Chicken and Veggies Recipe,chicken,chickenmeal,groundrice,soybeanmeal,wholegraincorn,,poultry,poultryandbonemeal,grain,pea,grain
,,,,,,,,,,,,
MARKET-LEADING/NON-PREMIUM CAT FOODS,,,,,,,,,,,,
Brand,Product,1st Ingredient,2nd Ingredient,3rd Ingredient,4th Ingredient,5th Ingredient,,1st Ingredient Equivalent,2nd Ingredient Equivalent,3rd Ingredient Equivalent,4th Ingredient Equivalent,5th Ingredient Equivalent
Purina,Purina Kit & Kaboodle,groundyellowcorn,cornglutenmeal,soybeanmeal,meatandbonemeal,beeftallowpreservedwithmixed-tocopherols(sourceofvitamine),,grain,veg protein,pea,beefandbonemeal,meat fat
Meow Mix,Meow Mix Original Choice,groundyellowcorn,cornglutenmeal,chickenby-productmeal,soybeanmeal,beeftallow(preservedwithmixedtocopherols),,grain,veg protein,dry poultry,pea,meat fat
Iams,Iams Proactive Health Healhy Adult Original with Chicken,chicken,chickenby-productmeal,cornmeal,brewersrice,driedbeetpulp,,poultry,dry poultry,grain,grain,veg pulp
Purina,Purina Cat Chow Indoor Formula,cornmeal,poultryby-productmeal,cornglutenmeal,soyflour,animalfatpreservedwithmixed-tocopherols,,grain,dry poultry,veg protein,pea,meat fat
Meow Mix,Meow Mix Indoor Health,groundyellowcorn,cornglutenmeal,chickenby-productmeal,soybeanmeal,beeftallow(preservedwithmixedtocopherols),,grain,veg protein,dry poultry,pea,meat fat
Purina,Purina Cat Chow Complete Formula,poultryby-productmeal,cornmeal,cornglutenmeal,groundwholewheat,brewersrice,,dry poultry,grain,veg protein,grain,grain
Meow Mix,Meow Mix Tender Centers Salmon and White Meat Chicken Flavors,wholegroundcorn,chickenby-productmeal,cornglutenmeal,soybeanmeal,wholewheat,,grain,dry poultry,veg protein,pea,grain
Purina,Purina Cat Chow Naturals Original,chickenmeal,cornglutenmeal,soybeanmeal,brewersrice,animalfatpreservedwithmixed-tocopherols(formofvitamine),,poultryandbonemeal,veg protein,pea,grain,meat fat
9 Lives,9 Lives Daily Essentials,wholegroundcorn,chickenby-productmeal,cornglutenmeal,soybeanmeal,wholewheat,,grain,dry poultry,veg protein,pea,grain